[{"id":"user-image-0b79a03b38a7e40f2721dbd5a713eaaf51b1d38eeba870b2f68248e748dcd608c286acb229ee69ac6d502829693be436acf338da77301c8dd37344_1280.jpg","publicUrl":"np://user.desktop.nicepage.com/Site_77531104/images/0b79a03b38a7e40f2721dbd5a713eaaf51b1d38eeba870b2f68248e748dcd608c286acb229ee69ac6d502829693be436acf338da77301c8dd37344_1280.jpg","size":166937,"hash":"Z0u03d2hcAO3MUqqMpLEvaxL36c=","fileName":"0b79a03b38a7e40f2721dbd5a713eaaf51b1d38eeba870b2f68248e748dcd608c286acb229ee69ac6d502829693be436acf338da77301c8dd37344_1280.jpg","name":"0b79a03b38a7e40f2721dbd5a713eaaf51b1d38eeba870b2f68248e748dcd608c286acb229ee69ac6d502829693be436acf338da77301c8dd37344_1280","width":1280,"height":853,"thumbnail":{"url":"np://user.desktop.nicepage.com/Site_77531104/images/thumbnails/0b79a03b38a7e40f2721dbd5a713eaaf51b1d38eeba870b2f68248e748dcd608c286acb229ee69ac6d502829693be436acf338da77301c8dd37344_1280.jpg","width":250,"height":167},"folderId":null,"usages":["242966452"]},{"id":"user-image-WhatsAppImage2024-11-10at17.39.13_3588d498.jpg","publicUrl":"np://user.desktop.nicepage.com/Site_77531104/images/WhatsAppImage2024-11-10at17.39.13_3588d498.jpg","size":1271591,"hash":"qWYbJbjPKoVAfkj9p8lHcWJSJyE=","fileName":"WhatsAppImage2024-11-10at17.39.13_3588d498.jpg","name":"WhatsAppImage2024-11-10at17.39.13_3588d498","width":3024,"height":4032,"thumbnail":{"url":"np://user.desktop.nicepage.com/Site_77531104/images/thumbnails/WhatsAppImage2024-11-10at17.39.13_3588d498.jpg","width":188,"height":250},"folderId":null,"usages":["242966452"]},{"id":"user-image-WhatsAppImage2024-11-10at17.51.41_9401699a.jpg","publicUrl":"np://user.desktop.nicepage.com/Site_77531104/images/WhatsAppImage2024-11-10at17.51.41_9401699a.jpg","size":1252079,"hash":"qygQHqIhQRiqabJS0IMrHpdVAoo=","fileName":"WhatsAppImage2024-11-10at17.51.41_9401699a.jpg","name":"WhatsAppImage2024-11-10at17.51.41_9401699a","width":3024,"height":4032,"thumbnail":{"url":"np://user.desktop.nicepage.com/Site_77531104/images/thumbnails/WhatsAppImage2024-11-10at17.51.41_9401699a.jpg","width":188,"height":250},"folderId":null,"usages":["242966452"]},{"id":"user-image-WhatsAppImage2024-11-10at17.46.16_4f296842.jpg","publicUrl":"np://user.desktop.nicepage.com/Site_77531104/images/WhatsAppImage2024-11-10at17.46.16_4f296842.jpg","size":952793,"hash":"d94RwNtC8w1N+6SlsOkSs4R6NiI=","fileName":"WhatsAppImage2024-11-10at17.46.16_4f296842.jpg","name":"WhatsAppImage2024-11-10at17.46.16_4f296842","width":3024,"height":4032,"thumbnail":{"url":"np://user.desktop.nicepage.com/Site_77531104/images/thumbnails/WhatsAppImage2024-11-10at17.46.16_4f296842.jpg","width":188,"height":250},"folderId":null,"usages":["242966452"]},{"id":"user-image-WhatsAppImage2024-11-10at17.39.14_b1561498.jpg","publicUrl":"np://user.desktop.nicepage.com/Site_77531104/images/WhatsAppImage2024-11-10at17.39.14_b1561498.jpg","size":137781,"hash":"wkXb11d+A+3HSroVyhX9GFAIbh0=","fileName":"WhatsAppImage2024-11-10at17.39.14_b1561498.jpg","name":"WhatsAppImage2024-11-10at17.39.14_b1561498","width":828,"height":1792,"thumbnail":{"url":"np://user.desktop.nicepage.com/Site_77531104/images/thumbnails/WhatsAppImage2024-11-10at17.39.14_b1561498.jpg","width":116,"height":250},"folderId":null,"usages":["242966452"]},{"id":"user-image-WhatsAppImage2024-11-10at17.39.13_366a3f4f.jpg","publicUrl":"np://user.desktop.nicepage.com/Site_77531104/images/WhatsAppImage2024-11-10at17.39.13_366a3f4f.jpg","size":120081,"hash":"RzZwrRrl7LEDIdE6Pexee68ImRs=","fileName":"WhatsAppImage2024-11-10at17.39.13_366a3f4f.jpg","name":"WhatsAppImage2024-11-10at17.39.13_366a3f4f","width":1080,"height":1080,"thumbnail":{"url":"np://user.desktop.nicepage.com/Site_77531104/images/thumbnails/WhatsAppImage2024-11-10at17.39.13_366a3f4f.jpg","width":250,"height":250},"folderId":null,"usages":["242966452"]},{"id":"user-image-3781677.png","publicUrl":"np://user.desktop.nicepage.com/Site_77531104/images/3781677.png","size":4110,"hash":"dUcQXjJ8T5k7rnKIgL/Zso+eAwg=","fileName":"3781677.png","name":"3781677","width":128,"height":128,"thumbnail":{"url":"np://user.desktop.nicepage.com/Site_77531104/images/thumbnails/3781677.png","width":128,"height":128,"length":4110,"type":"png"},"folderId":null,"usages":["242966452"]},{"id":"user-image-WhatsAppImage2024-11-10at17.51.38_bf57360d.jpg","publicUrl":"np://user.desktop.nicepage.com/Site_77531104/images/WhatsAppImage2024-11-10at17.51.38_bf57360d.jpg","size":1130072,"hash":"25cTFcKZdgdUF1/DtEqmH5XFCNg=","fileName":"WhatsAppImage2024-11-10at17.51.38_bf57360d.jpg","name":"WhatsAppImage2024-11-10at17.51.38_bf57360d","width":3024,"height":4032,"thumbnail":{"url":"np://user.desktop.nicepage.com/Site_77531104/images/thumbnails/WhatsAppImage2024-11-10at17.51.38_bf57360d.jpg","width":188,"height":250},"folderId":null,"usages":["242966452"]},{"id":"user-image-WhatsAppImage2024-11-10at17.46.20_560aef39.jpg","publicUrl":"np://user.desktop.nicepage.com/Site_77531104/images/WhatsAppImage2024-11-10at17.46.20_560aef39.jpg","size":1459062,"hash":"r1znXLI/wc6Btt3/WNMEe2f1dLQ=","fileName":"WhatsAppImage2024-11-10at17.46.20_560aef39.jpg","name":"WhatsAppImage2024-11-10at17.46.20_560aef39","width":3024,"height":4032,"thumbnail":{"url":"np://user.desktop.nicepage.com/Site_77531104/images/thumbnails/WhatsAppImage2024-11-10at17.46.20_560aef39.jpg","width":188,"height":250},"folderId":null,"usages":["242966452"]},{"id":"user-image-WhatsAppImage2024-11-10at17.27.02_2c3fe9fd.jpg","publicUrl":"np://user.desktop.nicepage.com/Site_77531104/images/WhatsAppImage2024-11-10at17.27.02_2c3fe9fd.jpg","size":107504,"hash":"bfaHewxKTHqYIm8NGBjWQcAw49g=","fileName":"WhatsAppImage2024-11-10at17.27.02_2c3fe9fd.jpg","name":"WhatsAppImage2024-11-10at17.27.02_2c3fe9fd","width":828,"height":1792,"thumbnail":{"url":"np://user.desktop.nicepage.com/Site_77531104/images/thumbnails/WhatsAppImage2024-11-10at17.27.02_2c3fe9fd.jpg","width":116,"height":250},"folderId":null,"usages":["242966452"]},{"id":"user-image-icons8-instagram-50.png","publicUrl":"np://user.desktop.nicepage.com/Site_77531104/images/icons8-instagram-50.png","size":944,"hash":"h6QO9eYsA+55/ewmRX/Uo2zrk4c=","fileName":"icons8-instagram-50.png","name":"icons8-instagram-50","width":50,"height":50,"thumbnail":{"url":"np://user.desktop.nicepage.com/Site_77531104/images/thumbnails/icons8-instagram-50.png","width":50,"height":50,"length":944,"type":"png"},"folderId":null,"usages":[]},{"id":"user-image-2277975.png","publicUrl":"np://user.desktop.nicepage.com/Site_77531104/images/2277975.png","size":3278,"hash":"NOai12CIE0lUQyXGPlPJor8L0+o=","fileName":"2277975.png","name":"2277975","width":128,"height":128,"thumbnail":{"url":"np://user.desktop.nicepage.com/Site_77531104/images/thumbnails/2277975.png","width":128,"height":128,"length":3278,"type":"png"},"folderId":null,"usages":["242966452"]},{"id":"user-image-3820271.png","publicUrl":"np://user.desktop.nicepage.com/Site_77531104/images/3820271.png","size":3733,"hash":"/rzAdS1vNqpJYJzSvqA5gQpUyL4=","fileName":"3820271.png","name":"3820271","width":128,"height":128,"thumbnail":{"url":"np://user.desktop.nicepage.com/Site_77531104/images/thumbnails/3820271.png","width":128,"height":128,"length":3733,"type":"png"},"folderId":null,"usages":["242966452"]},{"id":"user-image-WhatsAppImage2024-11-10at17.51.37_6dc515cc.jpg","publicUrl":"np://user.desktop.nicepage.com/Site_77531104/images/WhatsAppImage2024-11-10at17.51.37_6dc515cc.jpg","size":149632,"hash":"mpfefUFbtQZX15zvKKkVh9NNqEQ=","fileName":"WhatsAppImage2024-11-10at17.51.37_6dc515cc.jpg","name":"WhatsAppImage2024-11-10at17.51.37_6dc515cc","width":1080,"height":1350,"thumbnail":{"url":"np://user.desktop.nicepage.com/Site_77531104/images/thumbnails/WhatsAppImage2024-11-10at17.51.37_6dc515cc.jpg","width":200,"height":250},"folderId":null,"usages":["242966452"]},{"id":"user-image-WhatsAppImage2024-11-10at17.46.21_27f27a52.jpg","publicUrl":"np://user.desktop.nicepage.com/Site_77531104/images/WhatsAppImage2024-11-10at17.46.21_27f27a52.jpg","size":1413974,"hash":"+wYHycDL0ZbfVJeqBOe9wLsGiIU=","fileName":"WhatsAppImage2024-11-10at17.46.21_27f27a52.jpg","name":"WhatsAppImage2024-11-10at17.46.21_27f27a52","width":3024,"height":4032,"thumbnail":{"url":"np://user.desktop.nicepage.com/Site_77531104/images/thumbnails/WhatsAppImage2024-11-10at17.46.21_27f27a52.jpg","width":188,"height":250},"folderId":null,"usages":["242966452"]},{"id":"user-image-WhatsAppImage2024-11-10at17.24.51_79671fe2.jpg","publicUrl":"np://user.desktop.nicepage.com/Site_77531104/images/WhatsAppImage2024-11-10at17.24.51_79671fe2.jpg","size":1709125,"hash":"1CnLvvj4pUw4mfuH5F9R/7SCCSk=","fileName":"WhatsAppImage2024-11-10at17.24.51_79671fe2.jpg","name":"WhatsAppImage2024-11-10at17.24.51_79671fe2","width":3024,"height":4032,"thumbnail":{"url":"np://user.desktop.nicepage.com/Site_77531104/images/thumbnails/WhatsAppImage2024-11-10at17.24.51_79671fe2.jpg","width":188,"height":250},"folderId":null,"usages":["242966452"]},{"id":"user-image-WhatsAppImage2024-11-10at17.39.12_3e4c19d8.jpg","publicUrl":"np://user.desktop.nicepage.com/Site_77531104/images/WhatsAppImage2024-11-10at17.39.12_3e4c19d8.jpg","size":1028476,"hash":"pjuog4Sp+DFeaIJ/qXKE0bj/3Xo=","fileName":"WhatsAppImage2024-11-10at17.39.12_3e4c19d8.jpg","name":"WhatsAppImage2024-11-10at17.39.12_3e4c19d8","width":3024,"height":4032,"thumbnail":{"url":"np://user.desktop.nicepage.com/Site_77531104/images/thumbnails/WhatsAppImage2024-11-10at17.39.12_3e4c19d8.jpg","width":188,"height":250},"folderId":null,"usages":["242966452"]},{"id":"user-image-WhatsAppImage2024-11-10at17.24.57_5e8bd28d.jpg","publicUrl":"np://user.desktop.nicepage.com/Site_77531104/images/WhatsAppImage2024-11-10at17.24.57_5e8bd28d.jpg","size":1180596,"hash":"CmHe5pgDx22JzgizAWFgj7t6Ym4=","fileName":"WhatsAppImage2024-11-10at17.24.57_5e8bd28d.jpg","name":"WhatsAppImage2024-11-10at17.24.57_5e8bd28d","width":3024,"height":4032,"thumbnail":{"url":"np://user.desktop.nicepage.com/Site_77531104/images/thumbnails/WhatsAppImage2024-11-10at17.24.57_5e8bd28d.jpg","width":188,"height":250},"folderId":null,"usages":["242966452"]},{"id":"user-image-12988712.png","publicUrl":"np://user.desktop.nicepage.com/Site_77531104/images/12988712.png","size":5254,"hash":"ZkeY949zDXdK9JvJt5ge8PPGOrM=","fileName":"12988712.png","name":"12988712","width":128,"height":128,"thumbnail":{"url":"np://user.desktop.nicepage.com/Site_77531104/images/thumbnails/12988712.png","width":128,"height":128,"length":5254,"type":"png"},"folderId":null,"usages":["242966452"]},{"id":"user-image-12988642.png","publicUrl":"np://user.desktop.nicepage.com/Site_77531104/images/12988642.png","size":4007,"hash":"4dIREvUkTA0zpz3887M1/CgY1jQ=","fileName":"12988642.png","name":"12988642","width":128,"height":128,"thumbnail":{"url":"np://user.desktop.nicepage.com/Site_77531104/images/thumbnails/12988642.png","width":128,"height":128,"length":4007,"type":"png"},"folderId":null,"usages":["242966452"]},{"id":"user-image-12988695.png","publicUrl":"np://user.desktop.nicepage.com/Site_77531104/images/12988695.png","size":6373,"hash":"bLpm68DQZEZ3Bgp1Yv6YGQBV2Uo=","fileName":"12988695.png","name":"12988695","width":128,"height":128,"thumbnail":{"url":"np://user.desktop.nicepage.com/Site_77531104/images/thumbnails/12988695.png","width":128,"height":128,"length":6373,"type":"png"},"folderId":null,"usages":["242966452"]},{"id":"user-image-13118741.png","publicUrl":"np://user.desktop.nicepage.com/Site_77531104/images/13118741.png","size":4816,"hash":"FrvCJ9L6rp1ybNmG1fy2l0IkN/4=","fileName":"13118741.png","name":"13118741","width":128,"height":128,"thumbnail":{"url":"np://user.desktop.nicepage.com/Site_77531104/images/thumbnails/13118741.png","width":128,"height":128,"length":4816,"type":"png"},"folderId":null,"usages":["242966452"]},{"id":"user-image-WhatsAppImage2024-11-10at17.41.40_f2af45011.jpg","publicUrl":"np://user.desktop.nicepage.com/Site_77531104/images/WhatsAppImage2024-11-10at17.41.40_f2af45011.jpg","size":1387197,"hash":"CiNxoPrJZNrlzTwg9Zw5CgVd12c=","fileName":"WhatsAppImage2024-11-10at17.41.40_f2af45011.jpg","name":"WhatsAppImage2024-11-10at17.41.40_f2af45011","width":3023,"height":2261,"thumbnail":{"url":"np://user.desktop.nicepage.com/Site_77531104/images/thumbnails/WhatsAppImage2024-11-10at17.41.40_f2af45011.jpg","width":250,"height":187},"folderId":null,"usages":["242966452"]},{"id":"user-image-logo-removebg-preview.png","publicUrl":"np://user.desktop.nicepage.com/Site_77531104/images/logo-removebg-preview.png","size":80632,"hash":"LayVOrmtqmuMWaN4V66m48GdFkY=","fileName":"logo-removebg-preview.png","name":"logo-removebg-preview","width":500,"height":500,"thumbnail":{"url":"np://user.desktop.nicepage.com/Site_77531104/images/thumbnails/logo-removebg-preview.png","width":250,"height":250},"folderId":null,"usages":[]},{"id":"user-image-photo-1581722349083-2b3b49f5dcba.jpeg","publicUrl":"np://user.desktop.nicepage.com/Site_77531104/images/photo-1581722349083-2b3b49f5dcba.jpeg","size":193915,"hash":"dJY0ZHzNUyLUd+9Gtzu0rH6e2mQ=","fileName":"photo-1581722349083-2b3b49f5dcba.jpeg","name":"photo-1581722349083-2b3b49f5dcba","width":1080,"height":1620,"thumbnail":{"url":"np://user.desktop.nicepage.com/Site_77531104/images/thumbnails/photo-1581722349083-2b3b49f5dcba.jpeg","width":167,"height":250},"folderId":null,"originalUrl":"https://images.unsplash.com/photo-1581722349083-2b3b49f5dcba?crop=entropy&cs=tinysrgb&fit=max&fm=jpg&ixid=M3w1NzgzNjl8MHwxfGNvbGxlY3Rpb258NnxNTzk1QVU2QzhLa3x8fHx8Mnx8MTczMTI3NjEyN3w&ixlib=rb-4.0.3&q=80&w=1080","usages":["242966452"]}]