[{"id":25407261,"title":"Blog Template","order":1,"templateKey":"blog","customTemplate":false,"customTemplateFilename":null,"pageLinks":[],"dateCreated":"2024-11-11T00:45:37.528Z","dateUpdated":"2024-11-11T00:45:40.889Z","folderId":null,"pageName":"Blog Template","serverPageId":null,"sectionCount":1,"status":2,"backwardUrl":null},{"id":23235358,"title":"Post Template","order":2,"templateKey":"post","customTemplate":false,"customTemplateFilename":null,"pageLinks":[],"dateCreated":"2024-11-11T00:45:37.889Z","dateUpdated":"2024-11-11T00:45:40.889Z","folderId":null,"pageName":"Post Template","serverPageId":null,"sectionCount":1,"status":2,"backwardUrl":null},{"id":862912120,"title":"Product List Template","order":3,"templateKey":"products","customTemplate":false,"customTemplateFilename":null,"pageLinks":[],"dateCreated":"2024-11-11T00:45:38.242Z","dateUpdated":"2024-11-11T00:45:40.890Z","folderId":null,"pageName":"Product List Template","serverPageId":null,"sectionCount":1,"status":2,"backwardUrl":null},{"id":580410205,"title":"Product Details Template","order":4,"templateKey":"product","customTemplate":false,"customTemplateFilename":null,"pageLinks":[],"dateCreated":"2024-11-11T00:45:38.584Z","dateUpdated":"2024-11-11T00:45:40.890Z","folderId":null,"pageName":"Product Details Template","serverPageId":null,"sectionCount":1,"status":2,"backwardUrl":null},{"id":922218440,"title":"Shopping Cart Template","order":5,"templateKey":"cart","customTemplate":false,"customTemplateFilename":null,"pageLinks":[],"dateCreated":"2024-11-11T00:45:38.853Z","dateUpdated":"2024-11-11T00:45:40.890Z","folderId":null,"pageName":"Shopping Cart Template","serverPageId":null,"sectionCount":1,"status":2,"backwardUrl":null},{"id":173212910,"title":"Checkout Template","order":6,"templateKey":"checkout","customTemplate":false,"customTemplateFilename":null,"pageLinks":[],"dateCreated":"2024-11-11T00:45:39.194Z","dateUpdated":"2024-11-11T00:45:40.891Z","folderId":null,"pageName":"Checkout Template","serverPageId":null,"sectionCount":1,"status":2,"backwardUrl":null},{"id":1338100098,"title":"Login Template","order":7,"templateKey":"login","customTemplate":false,"customTemplateFilename":null,"pageLinks":[],"dateCreated":"2024-11-11T00:45:39.400Z","dateUpdated":"2024-11-11T00:45:40.891Z","folderId":null,"pageName":"Login Template","serverPageId":null,"sectionCount":1,"status":2,"backwardUrl":null},{"id":923624193,"title":"Search Page Template","order":8,"templateKey":"Search","customTemplate":false,"customTemplateFilename":null,"pageLinks":[],"dateCreated":"2024-11-11T00:45:39.559Z","dateUpdated":"2024-11-11T00:45:40.891Z","folderId":null,"pageName":"Search Page Template","serverPageId":null,"sectionCount":1,"status":2,"backwardUrl":null},{"id":386716652,"title":"Page Password Template","order":9,"templateKey":"password","customTemplate":false,"customTemplateFilename":null,"pageLinks":[],"dateCreated":"2024-11-11T00:45:39.754Z","dateUpdated":"2024-11-11T00:45:40.891Z","folderId":null,"pageName":"Page Password Template","serverPageId":null,"sectionCount":1,"status":2,"backwardUrl":null},{"id":44540112,"title":"404 Not Found Template","order":10,"templateKey":"404","customTemplate":false,"customTemplateFilename":null,"pageLinks":[],"dateCreated":"2024-11-11T00:45:39.904Z","dateUpdated":"2024-11-11T00:45:40.892Z","folderId":null,"pageName":"404 Not Found Template","serverPageId":null,"sectionCount":1,"status":2,"backwardUrl":null},{"id":2015409744,"title":"Thank You Page Template","order":11,"templateKey":"ThankYou","customTemplate":false,"customTemplateFilename":null,"pageLinks":[],"dateCreated":"2024-11-11T00:45:40.039Z","dateUpdated":"2024-11-11T00:45:40.892Z","folderId":null,"pageName":"Thank You Page Template","serverPageId":null,"sectionCount":1,"status":2,"backwardUrl":null},{"id":2195229315,"title":"About","order":100,"templateKey":null,"customTemplate":false,"customTemplateFilename":null,"pageLinks":[],"dateCreated":"2024-11-11T00:45:40.137Z","dateUpdated":"2024-11-11T00:45:40.892Z","folderId":null,"pageName":"About_2195229315","serverPageId":null,"sectionCount":1,"status":2,"backwardUrl":null},{"id":2414905623,"title":"Contact","order":101,"templateKey":null,"customTemplate":false,"customTemplateFilename":null,"pageLinks":[],"dateCreated":"2024-11-11T00:45:40.213Z","dateUpdated":"2024-11-11T00:45:40.892Z","folderId":null,"pageName":"Contact_2414905623","serverPageId":null,"sectionCount":1,"status":2,"backwardUrl":null},{"id":4306627,"title":"Page 1","order":102,"templateKey":null,"customTemplate":false,"customTemplateFilename":null,"pageLinks":[],"dateCreated":"2024-11-11T00:46:17.883Z","dateUpdated":"2024-11-11T00:47:43.359Z","folderId":null,"pageName":"Page 1_4306627","serverPageId":null,"sectionCount":3,"status":2,"backwardUrl":null},{"id":242966452,"title":"Home","order":103,"templateKey":null,"customTemplate":false,"customTemplateFilename":null,"pageLinks":[],"dateCreated":"2024-11-11T00:51:49.387Z","dateUpdated":"2024-11-11T11:17:28.345Z","folderId":null,"pageName":"Home_242966452","serverPageId":null,"sectionCount":5,"status":2,"backwardUrl":null}]